"No.","Time","Source","Destination","Protocol","Length","Leftover Capture Data","Info"
"40","6.424280","1.8.1","host","USB","35","0000390000000000","URB_INTERRUPT in"
"45","6.664358","1.8.1","host","USB","35","0000160000000000","URB_INTERRUPT in"
"46","6.736282","1.8.1","host","USB","35","0000163900000000","URB_INTERRUPT in"
"50","6.760309","1.8.1","host","USB","35","0000390000000000","URB_INTERRUPT in"
"52","7.048275","1.8.1","host","USB","35","0000120000000000","URB_INTERRUPT in"
"54","7.384276","1.8.1","host","USB","35","0000360000000000","URB_INTERRUPT in"
"56","7.520375","1.8.1","host","USB","35","00002c0000000000","URB_INTERRUPT in"
"58","7.680299","1.8.1","host","USB","35","00000b0000000000","URB_INTERRUPT in"
"59","7.760355","1.8.1","host","USB","35","0000080000000000","URB_INTERRUPT in"
"61","7.888246","1.8.1","host","USB","35","0000150000000000","URB_INTERRUPT in"
"62","7.960273","1.8.1","host","USB","35","0000150800000000","URB_INTERRUPT in"
"63","8.016283","1.8.1","host","USB","35","0000080000000000","URB_INTERRUPT in"
"64","8.056268","1.8.1","host","USB","35","00002c0000000000","URB_INTERRUPT in"
"65","8.160263","1.8.1","host","USB","35","00000a0000000000","URB_INTERRUPT in"
"67","8.384282","1.8.1","host","USB","35","0000120000000000","URB_INTERRUPT in"
"69","8.472354","1.8.1","host","USB","35","0000080000000000","URB_INTERRUPT in"
"71","8.624285","1.8.1","host","USB","35","0000160000000000","URB_INTERRUPT in"
"72","8.704293","1.8.1","host","USB","35","0000162c00000000","URB_INTERRUPT in"
"73","8.736376","1.8.1","host","USB","35","00002c0000000000","URB_INTERRUPT in"
"75","8.928382","1.8.1","host","USB","35","00000b0000000000","URB_INTERRUPT in"
"77","9.072377","1.8.1","host","USB","35","0000180000000000","URB_INTERRUPT in"
"79","9.224298","1.8.1","host","USB","35","00000b0000000000","URB_INTERRUPT in"
"81","10.080274","1.8.1","host","USB","35","0000280000000000","URB_INTERRUPT in"
"83","10.400290","1.8.1","host","USB","35","0000280000000000","URB_INTERRUPT in"
"85","10.792383","1.8.1","host","USB","35","0000280000000000","URB_INTERRUPT in"
"87","11.000243","1.8.1","host","USB","35","0000390000000000","URB_INTERRUPT in"
"92","11.288376","1.8.1","host","USB","35","00000c0000000000","URB_INTERRUPT in"
"94","11.376359","1.8.1","host","USB","35","0000390000000000","URB_INTERRUPT in"
"99","11.576247","1.8.1","host","USB","35","00002c0000000000","URB_INTERRUPT in"
"101","11.792286","1.8.1","host","USB","35","00001a0000000000","URB_INTERRUPT in"
"103","12.040290","1.8.1","host","USB","35","0000120000000000","URB_INTERRUPT in"
"105","12.320273","1.8.1","host","USB","35","0000180000000000","URB_INTERRUPT in"
"107","12.568286","1.8.1","host","USB","35","00000f0000000000","URB_INTERRUPT in"
"109","12.672273","1.8.1","host","USB","35","0000070000000000","URB_INTERRUPT in"
"110","12.728270","1.8.1","host","USB","35","0000072c00000000","URB_INTERRUPT in"
"111","12.744385","1.8.1","host","USB","35","00002c0000000000","URB_INTERRUPT in"
"113","13.000382","1.8.1","host","USB","35","00000f0000000000","URB_INTERRUPT in"
"115","13.248294","1.8.1","host","USB","35","00000c0000000000","URB_INTERRUPT in"
"117","13.448250","1.8.1","host","USB","35","00000e0000000000","URB_INTERRUPT in"
"119","13.560303","1.8.1","host","USB","35","0000080000000000","URB_INTERRUPT in"
"121","13.720286","1.8.1","host","USB","35","00002c0000000000","URB_INTERRUPT in"
"123","13.920244","1.8.1","host","USB","35","0000170000000000","URB_INTERRUPT in"
"125","14.024304","1.8.1","host","USB","35","0000120000000000","URB_INTERRUPT in"
"127","14.144276","1.8.1","host","USB","35","00002c0000000000","URB_INTERRUPT in"
"129","14.328303","1.8.1","host","USB","35","0000160000000000","URB_INTERRUPT in"
"131","14.480351","1.8.1","host","USB","35","00000b0000000000","URB_INTERRUPT in"
"133","14.736311","1.8.1","host","USB","35","0000120000000000","URB_INTERRUPT in"
"135","14.808244","1.8.1","host","USB","35","00001a0000000000","URB_INTERRUPT in"
"137","14.928329","1.8.1","host","USB","35","00002c0000000000","URB_INTERRUPT in"
"139","15.200242","1.8.1","host","USB","35","00001c0000000000","URB_INTERRUPT in"
"141","15.352300","1.8.1","host","USB","35","0000120000000000","URB_INTERRUPT in"
"143","15.576249","1.8.1","host","USB","35","0000180000000000","URB_INTERRUPT in"
"145","15.720243","1.8.1","host","USB","35","00002c0000000000","URB_INTERRUPT in"
"147","16.024406","1.8.1","host","USB","35","0000040000000000","URB_INTERRUPT in"
"149","16.160285","1.8.1","host","USB","35","00002c0000000000","URB_INTERRUPT in"
"151","16.304295","1.8.1","host","USB","35","00001a0000000000","URB_INTERRUPT in"
"153","16.576314","1.8.1","host","USB","35","0000120000000000","URB_INTERRUPT in"
"155","16.656308","1.8.1","host","USB","35","0000150000000000","URB_INTERRUPT in"
"157","16.808273","1.8.1","host","USB","35","00000f0000000000","URB_INTERRUPT in"
"159","16.952246","1.8.1","host","USB","35","0000070000000000","URB_INTERRUPT in"
"161","17.040296","1.8.1","host","USB","35","00002c0000000000","URB_INTERRUPT in"
"163","17.248298","1.8.1","host","USB","35","0000120000000000","URB_INTERRUPT in"
"165","17.416290","1.8.1","host","USB","35","0000090000000000","URB_INTERRUPT in"
"166","17.496322","1.8.1","host","USB","35","00002c0000000000","URB_INTERRUPT in"
"168","17.672313","1.8.1","host","USB","35","00000a0000000000","URB_INTERRUPT in"
"170","17.896313","1.8.1","host","USB","35","0000150000000000","URB_INTERRUPT in"
"171","17.944246","1.8.1","host","USB","35","0000150800000000","URB_INTERRUPT in"
"172","18.000265","1.8.1","host","USB","35","0000080000000000","URB_INTERRUPT in"
"173","18.024270","1.8.1","host","USB","35","0000080400000000","URB_INTERRUPT in"
"174","18.064276","1.8.1","host","USB","35","0000040000000000","URB_INTERRUPT in"
"176","18.192291","1.8.1","host","USB","35","0000170000000000","URB_INTERRUPT in"
"178","18.464285","1.8.1","host","USB","35","00002c0000000000","URB_INTERRUPT in"
"180","18.552283","1.8.1","host","USB","35","00001a0000000000","URB_INTERRUPT in"
"182","18.728386","1.8.1","host","USB","35","0000120000000000","URB_INTERRUPT in"
"184","18.936244","1.8.1","host","USB","35","0000110000000000","URB_INTERRUPT in"
"186","19.072301","1.8.1","host","USB","35","0000070000000000","URB_INTERRUPT in"
"187","19.128278","1.8.1","host","USB","35","0000080000000000","URB_INTERRUPT in"
"189","19.224383","1.8.1","host","USB","35","0000150000000000","URB_INTERRUPT in"
"191","19.328318","1.8.1","host","USB","35","0000370000000000","URB_INTERRUPT in"
"193","19.976280","1.8.1","host","USB","35","0000280000000000","URB_INTERRUPT in"
"195","20.160246","1.8.1","host","USB","35","0000280000000000","URB_INTERRUPT in"
"197","20.408389","1.8.1","host","USB","35","0000390000000000","URB_INTERRUPT in"
"202","20.584363","1.8.1","host","USB","35","0000170000000000","URB_INTERRUPT in"
"203","20.664249","1.8.1","host","USB","35","0000173900000000","URB_INTERRUPT in"
"207","20.688277","1.8.1","host","USB","35","0000390000000000","URB_INTERRUPT in"
"209","20.784380","1.8.1","host","USB","35","00000b0000000000","URB_INTERRUPT in"
"211","20.912408","1.8.1","host","USB","35","0000040000000000","URB_INTERRUPT in"
"212","20.960274","1.8.1","host","USB","35","0000041700000000","URB_INTERRUPT in"
"213","20.976283","1.8.1","host","USB","35","0000170000000000","URB_INTERRUPT in"
"214","21.040293","1.8.1","host","USB","35","00002c0000000000","URB_INTERRUPT in"
"216","21.200280","1.8.1","host","USB","35","00000c0000000000","URB_INTERRUPT in"
"218","21.304315","1.8.1","host","USB","35","0000160000000000","URB_INTERRUPT in"
"220","21.456277","1.8.1","host","USB","35","0000360000000000","URB_INTERRUPT in"
"222","21.664304","1.8.1","host","USB","35","00002c0000000000","URB_INTERRUPT in"
"224","21.880398","1.8.1","host","USB","35","0000170000000000","URB_INTERRUPT in"
"226","21.984306","1.8.1","host","USB","35","00000b0000000000","URB_INTERRUPT in"
"228","22.120302","1.8.1","host","USB","35","0000080000000000","URB_INTERRUPT in"
"230","22.336279","1.8.1","host","USB","35","00002c0000000000","URB_INTERRUPT in"
"232","22.744304","1.8.1","host","USB","35","0000390000000000","URB_INTERRUPT in"
"237","22.912377","1.8.1","host","USB","35","00000c0000000000","URB_INTERRUPT in"
"239","23.016309","1.8.1","host","USB","35","0000390000000000","URB_INTERRUPT in"
"244","23.240262","1.8.1","host","USB","35","0000110000000000","URB_INTERRUPT in"
"246","23.384388","1.8.1","host","USB","35","0000170000000000","URB_INTERRUPT in"
"247","23.440288","1.8.1","host","USB","35","0000080000000000","URB_INTERRUPT in"
"248","23.552294","1.8.1","host","USB","35","0000150000000000","URB_INTERRUPT in"
"250","23.640380","1.8.1","host","USB","35","0000110000000000","URB_INTERRUPT in"
"252","23.736276","1.8.1","host","USB","35","0000080000000000","URB_INTERRUPT in"
"253","23.776280","1.8.1","host","USB","35","0000081700000000","URB_INTERRUPT in"
"254","23.792362","1.8.1","host","USB","35","0000170000000000","URB_INTERRUPT in"
"256","23.960393","1.8.1","host","USB","35","0000370000000000","URB_INTERRUPT in"
"258","24.640248","1.8.1","host","USB","35","0000280000000000","URB_INTERRUPT in"
"260","24.864250","1.8.1","host","USB","35","0000280000000000","URB_INTERRUPT in"
"262","25.096251","1.8.1","host","USB","35","0000390000000000","URB_INTERRUPT in"
"267","25.328292","1.8.1","host","USB","35","00000c0000000000","URB_INTERRUPT in"
"269","25.448277","1.8.1","host","USB","35","0000390000000000","URB_INTERRUPT in"
"274","25.648250","1.8.1","host","USB","35","00002c0000000000","URB_INTERRUPT in"
"276","25.728321","1.8.1","host","USB","35","00001a0000000000","URB_INTERRUPT in"
"278","25.888280","1.8.1","host","USB","35","00000c0000000000","URB_INTERRUPT in"
"280","26.088308","1.8.1","host","USB","35","00000f0000000000","URB_INTERRUPT in"
"282","26.216250","1.8.1","host","USB","35","00000f0000000000","URB_INTERRUPT in"
"284","26.368281","1.8.1","host","USB","35","00002c0000000000","URB_INTERRUPT in"
"285","26.448291","1.8.1","host","USB","35","0000160000000000","URB_INTERRUPT in"
"287","26.616314","1.8.1","host","USB","35","00000b0000000000","URB_INTERRUPT in"
"289","26.832299","1.8.1","host","USB","35","0000120000000000","URB_INTERRUPT in"
"291","26.896387","1.8.1","host","USB","35","00001a0000000000","URB_INTERRUPT in"
"293","27.016296","1.8.1","host","USB","35","00002c0000000000","URB_INTERRUPT in"
"295","27.176299","1.8.1","host","USB","35","00001c0000000000","URB_INTERRUPT in"
"296","27.256314","1.8.1","host","USB","35","0000120000000000","URB_INTERRUPT in"
"298","27.440282","1.8.1","host","USB","35","0000180000000000","URB_INTERRUPT in"
"300","27.544269","1.8.1","host","USB","35","00002c0000000000","URB_INTERRUPT in"
"302","28.128300","1.8.1","host","USB","35","0000090000000000","URB_INTERRUPT in"
"304","28.264314","1.8.1","host","USB","35","00000c0000000000","URB_INTERRUPT in"
"306","28.376367","1.8.1","host","USB","35","0000190000000000","URB_INTERRUPT in"
"307","28.472386","1.8.1","host","USB","35","0000190800000000","URB_INTERRUPT in"
"308","28.496282","1.8.1","host","USB","35","0000080000000000","URB_INTERRUPT in"
"310","28.600269","1.8.1","host","USB","35","00002c0000000000","URB_INTERRUPT in"
"312","28.832316","1.8.1","host","USB","35","0000070000000000","URB_INTERRUPT in"
"313","28.912285","1.8.1","host","USB","35","0000040000000000","URB_INTERRUPT in"
"315","29.088411","1.8.1","host","USB","35","0000080000000000","URB_INTERRUPT in"
"317","29.192386","1.8.1","host","USB","35","0000100000000000","URB_INTERRUPT in"
"319","29.400341","1.8.1","host","USB","35","0000120000000000","URB_INTERRUPT in"
"321","29.600280","1.8.1","host","USB","35","0000110000000000","URB_INTERRUPT in"
"323","29.664362","1.8.1","host","USB","35","0000160000000000","URB_INTERRUPT in"
"325","29.912296","1.8.1","host","USB","35","0000360000000000","URB_INTERRUPT in"
"327","30.144308","1.8.1","host","USB","35","00002c0000000000","URB_INTERRUPT in"
"329","30.344299","1.8.1","host","USB","35","0000080000000000","URB_INTERRUPT in"
"330","30.416322","1.8.1","host","USB","35","0000080400000000","URB_INTERRUPT in"
"331","30.440249","1.8.1","host","USB","35","0000040000000000","URB_INTERRUPT in"
"333","30.536319","1.8.1","host","USB","35","0000060000000000","URB_INTERRUPT in"
"335","30.696431","1.8.1","host","USB","35","00000b0000000000","URB_INTERRUPT in"
"337","30.896364","1.8.1","host","USB","35","00002c0000000000","URB_INTERRUPT in"
"339","31.080289","1.8.1","host","USB","35","00001a0000000000","URB_INTERRUPT in"
"341","31.192311","1.8.1","host","USB","35","00000c0000000000","URB_INTERRUPT in"
"343","31.432308","1.8.1","host","USB","35","00000f0000000000","URB_INTERRUPT in"
"345","31.584367","1.8.1","host","USB","35","00000f0000000000","URB_INTERRUPT in"
"347","31.736249","1.8.1","host","USB","35","00002c0000000000","URB_INTERRUPT in"
"349","31.848314","1.8.1","host","USB","35","0000170000000000","URB_INTERRUPT in"
"350","31.904283","1.8.1","host","USB","35","0000170400000000","URB_INTERRUPT in"
"351","31.936256","1.8.1","host","USB","35","0000040000000000","URB_INTERRUPT in"
"353","32.072369","1.8.1","host","USB","35","00000e0000000000","URB_INTERRUPT in"
"354","32.152302","1.8.1","host","USB","35","0000080000000000","URB_INTERRUPT in"
"356","32.248281","1.8.1","host","USB","35","00002c0000000000","URB_INTERRUPT in"
"358","32.384288","1.8.1","host","USB","35","00001c0000000000","URB_INTERRUPT in"
"360","32.488253","1.8.1","host","USB","35","0000120000000000","URB_INTERRUPT in"
"362","32.696263","1.8.1","host","USB","35","0000180000000000","URB_INTERRUPT in"
"364","32.976413","1.8.1","host","USB","35","00002c0000000000","URB_INTERRUPT in"
"366","33.528371","1.8.1","host","USB","35","0000170000000000","URB_INTERRUPT in"
"368","33.632363","1.8.1","host","USB","35","0000120000000000","URB_INTERRUPT in"
"370","33.744291","1.8.1","host","USB","35","00002c0000000000","URB_INTERRUPT in"
"372","33.880283","1.8.1","host","USB","35","0000040000000000","URB_INTERRUPT in"
"373","33.960253","1.8.1","host","USB","35","00002c0000000000","URB_INTERRUPT in"
"375","34.648286","1.8.1","host","USB","35","0000070000000000","URB_INTERRUPT in"
"377","34.920289","1.8.1","host","USB","35","00000c0000000000","URB_INTERRUPT in"
"379","35.016400","1.8.1","host","USB","35","0000090000000000","URB_INTERRUPT in"
"381","35.152273","1.8.1","host","USB","35","0000090000000000","URB_INTERRUPT in"
"383","35.416310","1.8.1","host","USB","35","0000080000000000","URB_INTERRUPT in"
"385","35.536304","1.8.1","host","USB","35","0000150000000000","URB_INTERRUPT in"
"386","35.648398","1.8.1","host","USB","35","0000080000000000","URB_INTERRUPT in"
"388","35.776301","1.8.1","host","USB","35","0000110000000000","URB_INTERRUPT in"
"390","35.896301","1.8.1","host","USB","35","0000170000000000","URB_INTERRUPT in"
"391","35.968308","1.8.1","host","USB","35","00002c0000000000","URB_INTERRUPT in"
"393","36.344369","1.8.1","host","USB","35","0000130000000000","URB_INTERRUPT in"
"395","36.560278","1.8.1","host","USB","35","0000080000000000","URB_INTERRUPT in"
"397","36.712373","1.8.1","host","USB","35","0000150000000000","URB_INTERRUPT in"
"399","36.952287","1.8.1","host","USB","35","00000c0000000000","URB_INTERRUPT in"
"401","37.112300","1.8.1","host","USB","35","0000120000000000","URB_INTERRUPT in"
"403","37.184297","1.8.1","host","USB","35","0000070000000000","URB_INTERRUPT in"
"404","37.272280","1.8.1","host","USB","35","00002c0000000000","URB_INTERRUPT in"
"406","37.384395","1.8.1","host","USB","35","0000120000000000","URB_INTERRUPT in"
"408","37.480301","1.8.1","host","USB","35","0000090000000000","URB_INTERRUPT in"
"410","37.576388","1.8.1","host","USB","35","00002c0000000000","URB_INTERRUPT in"
"412","37.656291","1.8.1","host","USB","35","0000170000000000","URB_INTERRUPT in"
"413","37.752280","1.8.1","host","USB","35","00000c0000000000","URB_INTERRUPT in"
"415","37.928371","1.8.1","host","USB","35","0000100000000000","URB_INTERRUPT in"
"416","37.992280","1.8.1","host","USB","35","0000080000000000","URB_INTERRUPT in"
"418","38.144363","1.8.1","host","USB","35","0000370000000000","URB_INTERRUPT in"
"420","38.768284","1.8.1","host","USB","35","0000280000000000","URB_INTERRUPT in"
"422","39.008388","1.8.1","host","USB","35","0000280000000000","URB_INTERRUPT in"
"424","39.544254","1.8.1","host","USB","35","0000390000000000","URB_INTERRUPT in"
"429","39.776288","1.8.1","host","USB","35","0000110000000000","URB_INTERRUPT in"
"430","39.864410","1.8.1","host","USB","35","0000390000000000","URB_INTERRUPT in"
"435","40.032284","1.8.1","host","USB","35","0000120000000000","URB_INTERRUPT in"
"436","40.096295","1.8.1","host","USB","35","00001a0000000000","URB_INTERRUPT in"
"438","40.264289","1.8.1","host","USB","35","0000360000000000","URB_INTERRUPT in"
"440","40.464288","1.8.1","host","USB","35","00002c0000000000","URB_INTERRUPT in"
"442","40.592278","1.8.1","host","USB","35","00001c0000000000","URB_INTERRUPT in"
"444","40.720307","1.8.1","host","USB","35","0000120000000000","URB_INTERRUPT in"
"446","40.920290","1.8.1","host","USB","35","0000180000000000","URB_INTERRUPT in"
"447","40.992305","1.8.1","host","USB","35","0000150000000000","URB_INTERRUPT in"
"448","41.096286","1.8.1","host","USB","35","00002c0000000000","URB_INTERRUPT in"
"450","41.216322","1.8.1","host","USB","35","0000090000000000","URB_INTERRUPT in"
"452","41.344284","1.8.1","host","USB","35","00000c0000000000","URB_INTERRUPT in"
"454","41.448278","1.8.1","host","USB","35","0000150000000000","URB_INTERRUPT in"
"455","41.536305","1.8.1","host","USB","35","0000160000000000","URB_INTERRUPT in"
"457","41.640335","1.8.1","host","USB","35","0000170000000000","URB_INTERRUPT in"
"458","41.736267","1.8.1","host","USB","35","00002c0000000000","URB_INTERRUPT in"
"460","41.944275","1.8.1","host","USB","35","0000070000000000","URB_INTERRUPT in"
"461","42.048306","1.8.1","host","USB","35","0000040000000000","URB_INTERRUPT in"
"463","42.184323","1.8.1","host","USB","35","0000080000000000","URB_INTERRUPT in"
"465","42.312301","1.8.1","host","USB","35","0000100000000000","URB_INTERRUPT in"
"467","42.504254","1.8.1","host","USB","35","0000120000000000","URB_INTERRUPT in"
"469","42.696258","1.8.1","host","USB","35","0000110000000000","URB_INTERRUPT in"
"471","42.816372","1.8.1","host","USB","35","00002c0000000000","URB_INTERRUPT in"
"473","43.096373","1.8.1","host","USB","35","00000c0000000000","URB_INTERRUPT in"
"474","43.160374","1.8.1","host","USB","35","0000160000000000","URB_INTERRUPT in"
"476","43.264364","1.8.1","host","USB","35","00002c0000000000","URB_INTERRUPT in"
"478","43.352303","1.8.1","host","USB","35","0000390000000000","URB_INTERRUPT in"
"483","43.448284","1.8.1","host","USB","35","0000070000000000","URB_INTERRUPT in"
"484","43.504322","1.8.1","host","USB","35","0000073900000000","URB_INTERRUPT in"
"488","43.520312","1.8.1","host","USB","35","0000390000000000","URB_INTERRUPT in"
"490","43.696281","1.8.1","host","USB","35","0000040000000000","URB_INTERRUPT in"
"492","43.896361","1.8.1","host","USB","35","0000100000000000","URB_INTERRUPT in"
"494","47.040288","1.8.1","host","USB","35","00002a0000000000","URB_INTERRUPT in"
"496","47.256293","1.8.1","host","USB","35","0000080000000000","URB_INTERRUPT in"
"498","47.440260","1.8.1","host","USB","35","0000100000000000","URB_INTERRUPT in"
"500","47.672293","1.8.1","host","USB","35","0000120000000000","URB_INTERRUPT in"
"501","47.744328","1.8.1","host","USB","35","0000110000000000","URB_INTERRUPT in"
"503","47.888376","1.8.1","host","USB","35","00002c0000000000","URB_INTERRUPT in"
"505","48.056269","1.8.1","host","USB","35","0000390000000000","URB_INTERRUPT in"
"510","48.176265","1.8.1","host","USB","35","00000c0000000000","URB_INTERRUPT in"
"512","48.264312","1.8.1","host","USB","35","0000390000000000","URB_INTERRUPT in"
"517","48.744418","1.8.1","host","USB","35","0200000000000000","URB_INTERRUPT in"
"518","48.864368","1.8.1","host","USB","35","0200380000000000","URB_INTERRUPT in"
"519","48.944402","1.8.1","host","USB","35","0200000000000000","URB_INTERRUPT in"
"521","49.464306","1.8.1","host","USB","35","00002a0000000000","URB_INTERRUPT in"
"523","50.616309","1.8.1","host","USB","35","0000360000000000","URB_INTERRUPT in"
"525","51.144308","1.8.1","host","USB","35","0000280000000000","URB_INTERRUPT in"
"527","51.424383","1.8.1","host","USB","35","0000280000000000","URB_INTERRUPT in"
"529","51.752328","1.8.1","host","USB","35","0000390000000000","URB_INTERRUPT in"
"534","52.000325","1.8.1","host","USB","35","0000170000000000","URB_INTERRUPT in"
"535","52.064319","1.8.1","host","USB","35","0000173900000000","URB_INTERRUPT in"
"539","52.088310","1.8.1","host","USB","35","0000390000000000","URB_INTERRUPT in"
"541","52.232400","1.8.1","host","USB","35","0000120000000000","URB_INTERRUPT in"
"543","52.408364","1.8.1","host","USB","35","00002c0000000000","URB_INTERRUPT in"
"545","52.568410","1.8.1","host","USB","35","00000a0000000000","URB_INTERRUPT in"
"546","52.656327","1.8.1","host","USB","35","0000080000000000","URB_INTERRUPT in"
"548","52.800333","1.8.1","host","USB","35","0000170000000000","URB_INTERRUPT in"
"550","52.904297","1.8.1","host","USB","35","00002c0000000000","URB_INTERRUPT in"
"552","53.016319","1.8.1","host","USB","35","0000170000000000","URB_INTERRUPT in"
"554","53.184295","1.8.1","host","USB","35","00000b0000000000","URB_INTERRUPT in"
"555","53.248291","1.8.1","host","USB","35","0000080000000000","URB_INTERRUPT in"
"556","53.336291","1.8.1","host","USB","35","0000150000000000","URB_INTERRUPT in"
"557","53.400330","1.8.1","host","USB","35","0000150800000000","URB_INTERRUPT in"
"558","53.440296","1.8.1","host","USB","35","0000080000000000","URB_INTERRUPT in"
"560","53.616294","1.8.1","host","USB","35","0000360000000000","URB_INTERRUPT in"
"562","53.792427","1.8.1","host","USB","35","00002c0000000000","URB_INTERRUPT in"
"564","53.904259","1.8.1","host","USB","35","00001c0000000000","URB_INTERRUPT in"
"566","53.992288","1.8.1","host","USB","35","0000120000000000","URB_INTERRUPT in"
"568","54.216310","1.8.1","host","USB","35","0000180000000000","URB_INTERRUPT in"
"570","54.312361","1.8.1","host","USB","35","00002c0000000000","URB_INTERRUPT in"
"571","54.376325","1.8.1","host","USB","35","00001a0000000000","URB_INTERRUPT in"
"573","54.520318","1.8.1","host","USB","35","00000c0000000000","URB_INTERRUPT in"
"575","54.736290","1.8.1","host","USB","35","00000f0000000000","URB_INTERRUPT in"
"577","54.880334","1.8.1","host","USB","35","00000f0000000000","URB_INTERRUPT in"
"579","55.504259","1.8.1","host","USB","35","00002c0000000000","URB_INTERRUPT in"
"581","57.096344","1.8.1","host","USB","35","0000170000000000","URB_INTERRUPT in"
"583","57.256381","1.8.1","host","USB","35","0000150000000000","URB_INTERRUPT in"
"585","57.488291","1.8.1","host","USB","35","00001c0000000000","URB_INTERRUPT in"
"587","57.704415","1.8.1","host","USB","35","00002a0000000000","URB_INTERRUPT in"
"589","57.928334","1.8.1","host","USB","35","00002a0000000000","URB_INTERRUPT in"
"591","58.176366","1.8.1","host","USB","35","00002a0000000000","URB_INTERRUPT in"
"593","58.408261","1.8.1","host","USB","35","0000040000000000","URB_INTERRUPT in"
"594","58.504293","1.8.1","host","USB","35","0000060000000000","URB_INTERRUPT in"
"596","58.664296","1.8.1","host","USB","35","0000060000000000","URB_INTERRUPT in"
"598","58.776285","1.8.1","host","USB","35","0000080000000000","URB_INTERRUPT in"
"600","58.984298","1.8.1","host","USB","35","0000160000000000","URB_INTERRUPT in"
"602","59.128391","1.8.1","host","USB","35","0000160000000000","URB_INTERRUPT in"
"603","59.208401","1.8.1","host","USB","35","00002c0000000000","URB_INTERRUPT in"
"605","60.000289","1.8.1","host","USB","35","0000040000000000","URB_INTERRUPT in"
"606","60.072309","1.8.1","host","USB","35","0000042c00000000","URB_INTERRUPT in"
"607","60.096292","1.8.1","host","USB","35","00002c0000000000","URB_INTERRUPT in"
"609","60.352366","1.8.1","host","USB","35","0000100000000000","URB_INTERRUPT in"
"611","60.536294","1.8.1","host","USB","35","0000120000000000","URB_INTERRUPT in"
"613","60.776265","1.8.1","host","USB","35","0000110000000000","URB_INTERRUPT in"
"615","61.512307","1.8.1","host","USB","35","00002a0000000000","URB_INTERRUPT in"
"617","61.680401","1.8.1","host","USB","35","0000070000000000","URB_INTERRUPT in"
"619","61.768307","1.8.1","host","USB","35","0000080000000000","URB_INTERRUPT in"
"620","61.856296","1.8.1","host","USB","35","0000150000000000","URB_INTERRUPT in"
"622","61.976322","1.8.1","host","USB","35","0000110000000000","URB_INTERRUPT in"
"624","62.080343","1.8.1","host","USB","35","00002c0000000000","URB_INTERRUPT in"
"626","62.288315","1.8.1","host","USB","35","00001a0000000000","URB_INTERRUPT in"
"628","62.456380","1.8.1","host","USB","35","0000080000000000","URB_INTERRUPT in"
"630","62.608295","1.8.1","host","USB","35","0000050000000000","URB_INTERRUPT in"
"632","62.760313","1.8.1","host","USB","35","0000160000000000","URB_INTERRUPT in"
"634","62.904290","1.8.1","host","USB","35","00000c0000000000","URB_INTERRUPT in"
"636","63.016296","1.8.1","host","USB","35","0000170000000000","URB_INTERRUPT in"
"637","63.088289","1.8.1","host","USB","35","0000080000000000","URB_INTERRUPT in"
"639","63.192399","1.8.1","host","USB","35","0000370000000000","URB_INTERRUPT in"
"641","63.544262","1.8.1","host","USB","35","0000370000000000","URB_INTERRUPT in"
"643","63.760318","1.8.1","host","USB","35","0000370000000000","URB_INTERRUPT in"
"645","64.168314","1.8.1","host","USB","35","00002a0000000000","URB_INTERRUPT in"
"647","64.320378","1.8.1","host","USB","35","00002a0000000000","URB_INTERRUPT in"
"649","64.472382","1.8.1","host","USB","35","00002a0000000000","URB_INTERRUPT in"
"651","65.008306","1.8.1","host","USB","35","00002c0000000000","URB_INTERRUPT in"
"653","65.176291","1.8.1","host","USB","35","0000170000000000","URB_INTERRUPT in"
"655","65.328297","1.8.1","host","USB","35","00000b0000000000","URB_INTERRUPT in"
"656","65.400311","1.8.1","host","USB","35","0000040000000000","URB_INTERRUPT in"
"657","65.448266","1.8.1","host","USB","35","0000041700000000","URB_INTERRUPT in"
"658","65.488369","1.8.1","host","USB","35","0000170000000000","URB_INTERRUPT in"
"659","65.528328","1.8.1","host","USB","35","00002c0000000000","URB_INTERRUPT in"
"661","65.648335","1.8.1","host","USB","35","00000c0000000000","URB_INTERRUPT in"
"663","65.784362","1.8.1","host","USB","35","0000160000000000","URB_INTERRUPT in"
"664","65.872318","1.8.1","host","USB","35","00002c0000000000","URB_INTERRUPT in"
"666","66.120297","1.8.1","host","USB","35","0000150000000000","URB_INTERRUPT in"
"667","66.168262","1.8.1","host","USB","35","0000150800000000","URB_INTERRUPT in"
"668","66.224323","1.8.1","host","USB","35","0000080000000000","URB_INTERRUPT in"
"670","66.368292","1.8.1","host","USB","35","0000070000000000","URB_INTERRUPT in"
"672","66.512395","1.8.1","host","USB","35","0000070000000000","URB_INTERRUPT in"
"674","66.656302","1.8.1","host","USB","35","00000c0000000000","URB_INTERRUPT in"
"675","66.728382","1.8.1","host","USB","35","0000170000000000","URB_INTERRUPT in"
"676","66.808302","1.8.1","host","USB","35","00002c0000000000","URB_INTERRUPT in"
"678","67.160397","1.8.1","host","USB","35","00002a0000000000","URB_INTERRUPT in"
"680","67.464305","1.8.1","host","USB","35","0000370000000000","URB_INTERRUPT in"
"682","67.600296","1.8.1","host","USB","35","0000060000000000","URB_INTERRUPT in"
"683","67.704274","1.8.1","host","USB","35","0000120000000000","URB_INTERRUPT in"
"685","67.872316","1.8.1","host","USB","35","0000100000000000","URB_INTERRUPT in"
"687","68.952316","1.8.1","host","USB","35","0000500000000000","URB_INTERRUPT in"
"689","69.176337","1.8.1","host","USB","35","00004f0000000000","URB_INTERRUPT in"
"691","69.648302","1.8.1","host","USB","35","0000280000000000","URB_INTERRUPT in"
"693","69.864413","1.8.1","host","USB","35","0000280000000000","URB_INTERRUPT in"
"695","71.064299","1.8.1","host","USB","35","0000390000000000","URB_INTERRUPT in"
"700","71.368306","1.8.1","host","USB","35","00001c0000000000","URB_INTERRUPT in"
"701","71.472380","1.8.1","host","USB","35","00001c3900000000","URB_INTERRUPT in"
"705","71.496321","1.8.1","host","USB","35","0000390000000000","URB_INTERRUPT in"
"707","71.728295","1.8.1","host","USB","35","0000120000000000","URB_INTERRUPT in"
"709","72.096301","1.8.1","host","USB","35","0000180000000000","URB_INTERRUPT in"
"711","72.232329","1.8.1","host","USB","35","00002c0000000000","URB_INTERRUPT in"
"712","72.288378","1.8.1","host","USB","35","00002c1a00000000","URB_INTERRUPT in"
"713","72.320387","1.8.1","host","USB","35","00001a0000000000","URB_INTERRUPT in"
"715","72.400291","1.8.1","host","USB","35","00000c0000000000","URB_INTERRUPT in"
"717","72.608291","1.8.1","host","USB","35","00000f0000000000","URB_INTERRUPT in"
"719","72.728382","1.8.1","host","USB","35","00000f0000000000","URB_INTERRUPT in"
"721","72.872298","1.8.1","host","USB","35","00002c0000000000","URB_INTERRUPT in"
"723","73.024361","1.8.1","host","USB","35","00000a0000000000","URB_INTERRUPT in"
"724","73.088367","1.8.1","host","USB","35","0000080000000000","URB_INTERRUPT in"
"726","73.192310","1.8.1","host","USB","35","0000170000000000","URB_INTERRUPT in"
"727","73.280300","1.8.1","host","USB","35","00002c0000000000","URB_INTERRUPT in"
"729","73.464390","1.8.1","host","USB","35","0000120000000000","URB_INTERRUPT in"
"731","73.656409","1.8.1","host","USB","35","0000110000000000","URB_INTERRUPT in"
"733","73.760267","1.8.1","host","USB","35","00002c0000000000","URB_INTERRUPT in"
"735","73.872319","1.8.1","host","USB","35","0000040000000000","URB_INTERRUPT in"
"736","73.952285","1.8.1","host","USB","35","00002c0000000000","URB_INTERRUPT in"
"737","74.064334","1.8.1","host","USB","35","0000160000000000","URB_INTERRUPT in"
"739","74.208371","1.8.1","host","USB","35","0000180000000000","URB_INTERRUPT in"
"741","74.352308","1.8.1","host","USB","35","0000050000000000","URB_INTERRUPT in"
"743","74.488408","1.8.1","host","USB","35","0000050000000000","URB_INTERRUPT in"
"745","76.080318","1.8.1","host","USB","35","00002a0000000000","URB_INTERRUPT in"
"747","76.288385","1.8.1","host","USB","35","0000150000000000","URB_INTERRUPT in"
"748","76.392300","1.8.1","host","USB","35","0000080000000000","URB_INTERRUPT in"
"750","76.552294","1.8.1","host","USB","35","0000070000000000","URB_INTERRUPT in"
"752","76.664320","1.8.1","host","USB","35","0000070000000000","URB_INTERRUPT in"
"754","76.784305","1.8.1","host","USB","35","00000c0000000000","URB_INTERRUPT in"
"756","76.896298","1.8.1","host","USB","35","0000170000000000","URB_INTERRUPT in"
"757","76.968333","1.8.1","host","USB","35","00002c0000000000","URB_INTERRUPT in"
"759","77.096297","1.8.1","host","USB","35","0000380000000000","URB_INTERRUPT in"
"761","77.264314","1.8.1","host","USB","35","0000150000000000","URB_INTERRUPT in"
"763","77.416300","1.8.1","host","USB","35","0000380000000000","URB_INTERRUPT in"
"765","78.144379","1.8.1","host","USB","35","0000500000000000","URB_INTERRUPT in"
"767","78.376371","1.8.1","host","USB","35","00004f0000000000","URB_INTERRUPT in"
"769","78.888327","1.8.1","host","USB","35","0000280000000000","URB_INTERRUPT in"
"771","79.168322","1.8.1","host","USB","35","0000280000000000","URB_INTERRUPT in"
"773","82.584427","1.8.1","host","USB","35","00001a0000000000","URB_INTERRUPT in"
"774","82.664352","1.8.1","host","USB","35","00000b0000000000","URB_INTERRUPT in"
"776","82.856430","1.8.1","host","USB","35","00000c0000000000","URB_INTERRUPT in"
"778","83.000297","1.8.1","host","USB","35","0000060000000000","URB_INTERRUPT in"
"779","83.072385","1.8.1","host","USB","35","00000b0000000000","URB_INTERRUPT in"
"781","83.304355","1.8.1","host","USB","35","00002c0000000000","URB_INTERRUPT in"
"783","83.456325","1.8.1","host","USB","35","00000c0000000000","URB_INTERRUPT in"
"785","83.552386","1.8.1","host","USB","35","0000160000000000","URB_INTERRUPT in"
"786","83.632384","1.8.1","host","USB","35","00002c0000000000","URB_INTERRUPT in"
"788","83.768325","1.8.1","host","USB","35","0000060000000000","URB_INTERRUPT in"
"789","83.824371","1.8.1","host","USB","35","0000060400000000","URB_INTERRUPT in"
"790","83.856279","1.8.1","host","USB","35","0000040000000000","URB_INTERRUPT in"
"792","83.944273","1.8.1","host","USB","35","00000f0000000000","URB_INTERRUPT in"
"794","84.072295","1.8.1","host","USB","35","00000f0000000000","URB_INTERRUPT in"
"796","84.832309","1.8.1","host","USB","35","0000080000000000","URB_INTERRUPT in"
"797","84.872330","1.8.1","host","USB","35","0000080700000000","URB_INTERRUPT in"
"798","84.896298","1.8.1","host","USB","35","0000070000000000","URB_INTERRUPT in"
"799","84.968397","1.8.1","host","USB","35","00002c0000000000","URB_INTERRUPT in"
"801","85.168318","1.8.1","host","USB","35","0000050000000000","URB_INTERRUPT in"
"803","85.320310","1.8.1","host","USB","35","00001c0000000000","URB_INTERRUPT in"
"805","85.520270","1.8.1","host","USB","35","00002c0000000000","URB_INTERRUPT in"
"807","85.608297","1.8.1","host","USB","35","0000170000000000","URB_INTERRUPT in"
"809","85.704303","1.8.1","host","USB","35","00000b0000000000","URB_INTERRUPT in"
"810","85.760385","1.8.1","host","USB","35","0000080000000000","URB_INTERRUPT in"
"811","85.848306","1.8.1","host","USB","35","00002c0000000000","URB_INTERRUPT in"
"813","86.048329","1.8.1","host","USB","35","0000100000000000","URB_INTERRUPT in"
"815","86.952329","1.8.1","host","USB","35","0000070000000000","URB_INTERRUPT in"
"816","86.976303","1.8.1","host","USB","35","0000072200000000","URB_INTERRUPT in"
"817","86.992296","1.8.1","host","USB","35","0000220000000000","URB_INTERRUPT in"
"819","87.128414","1.8.1","host","USB","35","00002c0000000000","URB_INTERRUPT in"
"821","87.368276","1.8.1","host","USB","35","00000b0000000000","URB_INTERRUPT in"
"822","87.456316","1.8.1","host","USB","35","0000040000000000","URB_INTERRUPT in"
"823","87.512321","1.8.1","host","USB","35","0000041600000000","URB_INTERRUPT in"
"824","87.536316","1.8.1","host","USB","35","0000160000000000","URB_INTERRUPT in"
"826","87.616302","1.8.1","host","USB","35","00000b0000000000","URB_INTERRUPT in"
"828","88.224330","1.8.1","host","USB","35","00002c0000000000","URB_INTERRUPT in"
"830","88.408304","1.8.1","host","USB","35","0200000000000000","URB_INTERRUPT in"
"831","88.480305","1.8.1","host","USB","35","0200260000000000","URB_INTERRUPT in"
"833","88.624384","1.8.1","host","USB","35","0000390000000000","URB_INTERRUPT in"
"838","88.840393","1.8.1","host","USB","35","00000f0000000000","URB_INTERRUPT in"
"840","89.024435","1.8.1","host","USB","35","0000120000000000","URB_INTERRUPT in"
"841","89.088311","1.8.1","host","USB","35","00001a0000000000","URB_INTERRUPT in"
"843","89.264418","1.8.1","host","USB","35","0000080000000000","URB_INTERRUPT in"
"844","89.344306","1.8.1","host","USB","35","0000150000000000","URB_INTERRUPT in"
"846","89.432329","1.8.1","host","USB","35","0000060000000000","URB_INTERRUPT in"
"848","89.600296","1.8.1","host","USB","35","0000040000000000","URB_INTERRUPT in"
"849","89.656310","1.8.1","host","USB","35","0000041600000000","URB_INTERRUPT in"
"850","89.664296","1.8.1","host","USB","35","0000160000000000","URB_INTERRUPT in"
"852","89.808418","1.8.1","host","USB","35","0000080000000000","URB_INTERRUPT in"
"854","89.952330","1.8.1","host","USB","35","0200000000000000","URB_INTERRUPT in"
"855","90.032319","1.8.1","host","USB","35","0200270000000000","URB_INTERRUPT in"
"857","90.216297","1.8.1","host","USB","35","0000390000000000","URB_INTERRUPT in"
"861","90.304303","1.8.1","host","USB","35","00002c0000000000","URB_INTERRUPT in"
"863","91.560305","1.8.1","host","USB","35","0000120000000000","URB_INTERRUPT in"
"865","91.672366","1.8.1","host","USB","35","0000090000000000","URB_INTERRUPT in"
"866","91.752305","1.8.1","host","USB","35","00002c0000000000","URB_INTERRUPT in"
"868","92.016431","1.8.1","host","USB","35","0000390000000000","URB_INTERRUPT in"
"873","92.232322","1.8.1","host","USB","35","0000080000000000","URB_INTERRUPT in"
"875","92.304419","1.8.1","host","USB","35","0000390000000000","URB_INTERRUPT in"
"880","92.520437","1.8.1","host","USB","35","00001b0000000000","URB_INTERRUPT in"
"882","92.712317","1.8.1","host","USB","35","00002c0000000000","URB_INTERRUPT in"
"883","92.768279","1.8.1","host","USB","35","0000390000000000","URB_INTERRUPT in"
"888","92.872306","1.8.1","host","USB","35","00000f0000000000","URB_INTERRUPT in"
"889","92.936325","1.8.1","host","USB","35","0000390000000000","URB_INTERRUPT in"
"894","93.136307","1.8.1","host","USB","35","00000c0000000000","URB_INTERRUPT in"
"896","93.312278","1.8.1","host","USB","35","0000110000000000","URB_INTERRUPT in"
"897","93.376297","1.8.1","host","USB","35","0000170000000000","URB_INTERRUPT in"
"899","93.568435","1.8.1","host","USB","35","0000360000000000","URB_INTERRUPT in"
"901","93.880398","1.8.1","host","USB","35","0000280000000000","URB_INTERRUPT in"
"903","93.992343","1.8.1","host","USB","35","0000280000000000","URB_INTERRUPT in"
"905","94.152274","1.8.1","host","USB","35","0000170000000000","URB_INTERRUPT in"
"907","94.288377","1.8.1","host","USB","35","00000b0000000000","URB_INTERRUPT in"
"908","94.344311","1.8.1","host","USB","35","0000040000000000","URB_INTERRUPT in"
"909","94.408307","1.8.1","host","USB","35","0000041700000000","URB_INTERRUPT in"
"910","94.448313","1.8.1","host","USB","35","0000170000000000","URB_INTERRUPT in"
"911","94.472408","1.8.1","host","USB","35","00002c0000000000","URB_INTERRUPT in"
"913","94.560315","1.8.1","host","USB","35","00000c0000000000","URB_INTERRUPT in"
"915","94.632393","1.8.1","host","USB","35","0000160000000000","URB_INTERRUPT in"
"916","94.712299","1.8.1","host","USB","35","00002c0000000000","URB_INTERRUPT in"
"918","95.440314","1.8.1","host","USB","35","00002a0000000000","URB_INTERRUPT in"
"920","95.600274","1.8.1","host","USB","35","0000360000000000","URB_INTERRUPT in"
"922","95.784302","1.8.1","host","USB","35","00002c0000000000","URB_INTERRUPT in"
"923","95.880357","1.8.1","host","USB","35","0000170000000000","URB_INTERRUPT in"
"925","95.976310","1.8.1","host","USB","35","00000b0000000000","URB_INTERRUPT in"
"927","96.056416","1.8.1","host","USB","35","0000080000000000","URB_INTERRUPT in"
"928","96.136327","1.8.1","host","USB","35","00002c0000000000","URB_INTERRUPT in"
"930","96.232338","1.8.1","host","USB","35","0000100000000000","URB_INTERRUPT in"
"932","96.408304","1.8.1","host","USB","35","0000070000000000","URB_INTERRUPT in"
"934","96.536279","1.8.1","host","USB","35","0000220000000000","URB_INTERRUPT in"
"935","96.648379","1.8.1","host","USB","35","00002c0000000000","URB_INTERRUPT in"
"937","96.976388","1.8.1","host","USB","35","00000b0000000000","URB_INTERRUPT in"
"939","97.088310","1.8.1","host","USB","35","0000040000000000","URB_INTERRUPT in"
"940","97.120308","1.8.1","host","USB","35","0000041600000000","URB_INTERRUPT in"
"941","97.144275","1.8.1","host","USB","35","0000160000000000","URB_INTERRUPT in"
"943","97.256320","1.8.1","host","USB","35","00000b0000000000","URB_INTERRUPT in"
"945","97.344274","1.8.1","host","USB","35","00002c0000000000","URB_INTERRUPT in"
"947","97.520329","1.8.1","host","USB","35","0000120000000000","URB_INTERRUPT in"
"948","97.584380","1.8.1","host","USB","35","0000090000000000","URB_INTERRUPT in"
"949","97.656308","1.8.1","host","USB","35","00002c0000000000","URB_INTERRUPT in"
"951","97.768308","1.8.1","host","USB","35","0200000000000000","URB_INTERRUPT in"
"952","97.816388","1.8.1","host","USB","35","0200340000000000","URB_INTERRUPT in"
"954","97.992416","1.8.1","host","USB","35","0000390000000000","URB_INTERRUPT in"
"959","98.200321","1.8.1","host","USB","35","0000080000000000","URB_INTERRUPT in"
"961","98.312276","1.8.1","host","USB","35","0000390000000000","URB_INTERRUPT in"
"966","98.720327","1.8.1","host","USB","35","00001b0000000000","URB_INTERRUPT in"
"968","98.928408","1.8.1","host","USB","35","00002c0000000000","URB_INTERRUPT in"
"969","99.008337","1.8.1","host","USB","35","0000390000000000","URB_INTERRUPT in"
"974","99.280423","1.8.1","host","USB","35","00000f0000000000","URB_INTERRUPT in"
"976","99.392327","1.8.1","host","USB","35","0000390000000000","URB_INTERRUPT in"
"981","99.752276","1.8.1","host","USB","35","00000c0000000000","URB_INTERRUPT in"
"983","99.976406","1.8.1","host","USB","35","0000110000000000","URB_INTERRUPT in"
"985","100.120328","1.8.1","host","USB","35","0000170000000000","URB_INTERRUPT in"
"987","100.288423","1.8.1","host","USB","35","0200000000000000","URB_INTERRUPT in"
"988","100.360333","1.8.1","host","USB","35","0200340000000000","URB_INTERRUPT in"
"989","100.416308","1.8.1","host","USB","35","0200000000000000","URB_INTERRUPT in"
"991","101.968356","1.8.1","host","USB","35","0000280000000000","URB_INTERRUPT in"
"993","102.112391","1.8.1","host","USB","35","0000280000000000","URB_INTERRUPT in"
"995","103.424348","1.8.1","host","USB","35","0000390000000000","URB_INTERRUPT in"
"1000","103.536404","1.8.1","host","USB","35","0000040000000000","URB_INTERRUPT in"
"1001","103.600309","1.8.1","host","USB","35","0000043900000000","URB_INTERRUPT in"
"1005","103.640321","1.8.1","host","USB","35","0000390000000000","URB_INTERRUPT in"
"1007","103.792329","1.8.1","host","USB","35","0000110000000000","URB_INTERRUPT in"
"1008","103.840322","1.8.1","host","USB","35","0000070000000000","URB_INTERRUPT in"
"1010","104.144427","1.8.1","host","USB","35","00002c0000000000","URB_INTERRUPT in"
"1012","104.304413","1.8.1","host","USB","35","0000150000000000","URB_INTERRUPT in"
"1013","104.352413","1.8.1","host","USB","35","0000150800000000","URB_INTERRUPT in"
"1014","104.384316","1.8.1","host","USB","35","0000080000000000","URB_INTERRUPT in"
"1016","104.440347","1.8.1","host","USB","35","0000100000000000","URB_INTERRUPT in"
"1017","104.504408","1.8.1","host","USB","35","0000080000000000","URB_INTERRUPT in"
"1019","104.608339","1.8.1","host","USB","35","0000100000000000","URB_INTERRUPT in"
"1021","104.760317","1.8.1","host","USB","35","0000050000000000","URB_INTERRUPT in"
"1022","104.816318","1.8.1","host","USB","35","0000080000000000","URB_INTERRUPT in"
"1024","104.912281","1.8.1","host","USB","35","0000150000000000","URB_INTERRUPT in"
"1026","105.008459","1.8.1","host","USB","35","0000360000000000","URB_INTERRUPT in"
"1028","105.456361","1.8.1","host","USB","35","00002c0000000000","URB_INTERRUPT in"
"1030","105.616415","1.8.1","host","USB","35","0000370000000000","URB_INTERRUPT in"
"1032","105.768311","1.8.1","host","USB","35","0000370000000000","URB_INTERRUPT in"
"1034","106.144394","1.8.1","host","USB","35","0000370000000000","URB_INTERRUPT in"
"1036","106.464310","1.8.1","host","USB","35","0000370000000000","URB_INTERRUPT in"
"1038","106.768303","1.8.1","host","USB","35","0000370000000000","URB_INTERRUPT in"
"1040","107.056303","1.8.1","host","USB","35","00002a0000000000","URB_INTERRUPT in"
"1042","107.272320","1.8.1","host","USB","35","00002a0000000000","URB_INTERRUPT in"
"1044","107.480279","1.8.1","host","USB","35","00002a0000000000","URB_INTERRUPT in"
"1046","107.656315","1.8.1","host","USB","35","00002a0000000000","URB_INTERRUPT in"
"1048","107.792412","1.8.1","host","USB","35","00002a0000000000","URB_INTERRUPT in"
"1050","108.120434","1.8.1","host","USB","35","0200000000000000","URB_INTERRUPT in"
"1052","109.784399","1.8.1","host","USB","35","00001f0000000000","URB_INTERRUPT in"
"1054","110.008335","1.8.1","host","USB","35","00001e0000000000","URB_INTERRUPT in"
"1056","110.464427","1.8.1","host","USB","35","0000060000000000","URB_INTERRUPT in"
"1058","110.744302","1.8.1","host","USB","35","00000b0000000000","URB_INTERRUPT in"
"1060","110.944324","1.8.1","host","USB","35","0000040000000000","URB_INTERRUPT in"
"1062","111.176442","1.8.1","host","USB","35","0000150000000000","URB_INTERRUPT in"
"1064","111.336448","1.8.1","host","USB","35","0000040000000000","URB_INTERRUPT in"
"1066","111.568305","1.8.1","host","USB","35","0000060000000000","URB_INTERRUPT in"
"1068","111.824312","1.8.1","host","USB","35","0000170000000000","URB_INTERRUPT in"
"1070","112.016442","1.8.1","host","USB","35","0000080000000000","URB_INTERRUPT in"
"1072","112.232316","1.8.1","host","USB","35","0000150000000000","URB_INTERRUPT in"
"1074","112.440304","1.8.1","host","USB","35","0000160000000000","URB_INTERRUPT in"
"1076","112.672443","1.8.1","host","USB","35","0000040000000000","URB_INTERRUPT in"
"1078","113.024414","1.8.1","host","USB","35","0000110000000000","URB_INTERRUPT in"
"1080","113.208334","1.8.1","host","USB","35","0000070000000000","URB_INTERRUPT in"
"1082","113.536399","1.8.1","host","USB","35","0000110000000000","URB_INTERRUPT in"
"1084","113.792281","1.8.1","host","USB","35","0000120000000000","URB_INTERRUPT in"
"1086","114.072310","1.8.1","host","USB","35","0000100000000000","URB_INTERRUPT in"
"1088","114.376320","1.8.1","host","USB","35","0000120000000000","URB_INTERRUPT in"
"1090","114.616423","1.8.1","host","USB","35","0000150000000000","URB_INTERRUPT in"
"1092","114.856315","1.8.1","host","USB","35","0000080000000000","URB_INTERRUPT in"
"1094","116.144417","1.8.1","host","USB","35","0000280000000000","URB_INTERRUPT in"
"1096","117.088430","1.8.1","host","USB","35","0000280000000000","URB_INTERRUPT in"
"1098","117.384323","1.8.1","host","USB","35","0000280000000000","URB_INTERRUPT in"
"1100","117.696339","1.8.1","host","USB","35","0000390000000000","URB_INTERRUPT in"
"1105","117.904310","1.8.1","host","USB","35","0000170000000000","URB_INTERRUPT in"
"1106","117.984356","1.8.1","host","USB","35","0000390000000000","URB_INTERRUPT in"
"1111","118.360314","1.8.1","host","USB","35","00000b0000000000","URB_INTERRUPT in"
"1112","118.440402","1.8.1","host","USB","35","0000080000000000","URB_INTERRUPT in"
"1113","118.520346","1.8.1","host","USB","35","00002c0000000000","URB_INTERRUPT in"
"1115","118.736315","1.8.1","host","USB","35","00000b0000000000","URB_INTERRUPT in"
"1117","118.840328","1.8.1","host","USB","35","0000040000000000","URB_INTERRUPT in"
"1118","118.912382","1.8.1","host","USB","35","0000041600000000","URB_INTERRUPT in"
"1119","118.936322","1.8.1","host","USB","35","0000160000000000","URB_INTERRUPT in"
"1121","119.056400","1.8.1","host","USB","35","00000b0000000000","URB_INTERRUPT in"
"1123","119.408283","1.8.1","host","USB","35","00002c0000000000","URB_INTERRUPT in"
"1125","119.656330","1.8.1","host","USB","35","0000160000000000","URB_INTERRUPT in"
"1127","119.856431","1.8.1","host","USB","35","0000170000000000","URB_INTERRUPT in"
"1128","119.952336","1.8.1","host","USB","35","0000040000000000","URB_INTERRUPT in"
"1129","120.040392","1.8.1","host","USB","35","0000041500000000","URB_INTERRUPT in"
"1130","120.064357","1.8.1","host","USB","35","0000150000000000","URB_INTERRUPT in"
"1132","120.256364","1.8.1","host","USB","35","0000170000000000","URB_INTERRUPT in"
"1133","120.352392","1.8.1","host","USB","35","0000160000000000","URB_INTERRUPT in"
"1135","120.456402","1.8.1","host","USB","35","00002c0000000000","URB_INTERRUPT in"
"1137","120.576283","1.8.1","host","USB","35","00001a0000000000","URB_INTERRUPT in"
"1139","120.672317","1.8.1","host","USB","35","00000c0000000000","URB_INTERRUPT in"
"1141","120.776318","1.8.1","host","USB","35","0000170000000000","URB_INTERRUPT in"
"1143","120.856313","1.8.1","host","USB","35","00000b0000000000","URB_INTERRUPT in"
"1144","120.944397","1.8.1","host","USB","35","00002c0000000000","URB_INTERRUPT in"
"1146","121.760333","1.8.1","host","USB","35","0000250000000000","URB_INTERRUPT in"
"1148","122.096321","1.8.1","host","USB","35","0000090000000000","URB_INTERRUPT in"
"1150","122.480284","1.8.1","host","USB","35","0000070000000000","URB_INTERRUPT in"
"1152","122.968318","1.8.1","host","USB","35","0000220000000000","URB_INTERRUPT in"
"1154","124.288432","1.8.1","host","USB","35","0000370000000000","URB_INTERRUPT in"
"1156","124.808413","1.8.1","host","USB","35","0000280000000000","URB_INTERRUPT in"
"1158","124.936305","1.8.1","host","USB","35","0000280000000000","URB_INTERRUPT in"
"1160","125.144318","1.8.1","host","USB","35","0000390000000000","URB_INTERRUPT in"
"1165","125.272326","1.8.1","host","USB","35","00000a0000000000","URB_INTERRUPT in"
"1166","125.336425","1.8.1","host","USB","35","00000a3900000000","URB_INTERRUPT in"
"1170","125.352332","1.8.1","host","USB","35","0000390000000000","URB_INTERRUPT in"
"1172","125.520324","1.8.1","host","USB","35","0000120000000000","URB_INTERRUPT in"
"1174","125.648392","1.8.1","host","USB","35","0000120000000000","URB_INTERRUPT in"
"1176","125.704319","1.8.1","host","USB","35","0000070000000000","URB_INTERRUPT in"
"1177","125.768433","1.8.1","host","USB","35","0000072c00000000","URB_INTERRUPT in"
"1178","125.784335","1.8.1","host","USB","35","00002c0000000000","URB_INTERRUPT in"
"1180","125.904289","1.8.1","host","USB","35","00000f0000000000","URB_INTERRUPT in"
"1182","126.112330","1.8.1","host","USB","35","0000180000000000","URB_INTERRUPT in"
"1183","126.192289","1.8.1","host","USB","35","0000060000000000","URB_INTERRUPT in"
"1185","126.320428","1.8.1","host","USB","35","00000e0000000000","URB_INTERRUPT in"
"1187","126.680381","1.8.1","host","USB","35","0000360000000000","URB_INTERRUPT in"
"1189","126.800334","1.8.1","host","USB","35","00002c0000000000","URB_INTERRUPT in"
"1191","127.024313","1.8.1","host","USB","35","00001a0000000000","URB_INTERRUPT in"
"1192","127.096427","1.8.1","host","USB","35","00001a0400000000","URB_INTERRUPT in"
"1193","127.120378","1.8.1","host","USB","35","0000040000000000","URB_INTERRUPT in"
"1195","127.232347","1.8.1","host","USB","35","0000110000000000","URB_INTERRUPT in"
"1197","127.344420","1.8.1","host","USB","35","0000070000000000","URB_INTERRUPT in"
"1198","127.416427","1.8.1","host","USB","35","0000080000000000","URB_INTERRUPT in"
"1200","127.536319","1.8.1","host","USB","35","0000150000000000","URB_INTERRUPT in"
"1201","127.624338","1.8.1","host","USB","35","0000080000000000","URB_INTERRUPT in"
"1202","127.688353","1.8.1","host","USB","35","0000081500000000","URB_INTERRUPT in"
"1203","127.712435","1.8.1","host","USB","35","0000150000000000","URB_INTERRUPT in"
"1205","127.864383","1.8.1","host","USB","35","0000370000000000","URB_INTERRUPT in"
"1207","128.560335","1.8.1","host","USB","35","0000280000000000","URB_INTERRUPT in"
"1209","128.928313","1.8.1","host","USB","35","0000280000000000","URB_INTERRUPT in"
"1211","129.520371","1.8.1","host","USB","35","0000130000000000","URB_INTERRUPT in"
"1212","131.096293","1.8.1","host","USB","35","0200000000000000","URB_INTERRUPT in"
"1213","131.176423","1.8.1","host","USB","35","0200380000000000","URB_INTERRUPT in"
"1214","131.704330","1.8.1","host","USB","35","0200000000000000","URB_INTERRUPT in"
"1215","131.768333","1.8.1","host","USB","35","0200380000000000","URB_INTERRUPT in"
"1216","131.848321","1.8.1","host","USB","35","0200000000000000","URB_INTERRUPT in"
"1217","131.984320","1.8.1","host","USB","35","0200380000000000","URB_INTERRUPT in"
"1218","132.080319","1.8.1","host","USB","35","0200000000000000","URB_INTERRUPT in"
"1219","132.152327","1.8.1","host","USB","35","0200380000000000","URB_INTERRUPT in"
"1220","132.192420","1.8.1","host","USB","35","0200000000000000","URB_INTERRUPT in"
"1222","132.376354","1.8.1","host","USB","35","0000280000000000","URB_INTERRUPT in"
"1224","132.568333","1.8.1","host","USB","35","0000390000000000","URB_INTERRUPT in"
"1229","132.872326","1.8.1","host","USB","35","0000170000000000","URB_INTERRUPT in"
"1231","133.096321","1.8.1","host","USB","35","0000390000000000","URB_INTERRUPT in"
"1236","133.280358","1.8.1","host","USB","35","0000150000000000","URB_INTERRUPT in"
"1238","133.384431","1.8.1","host","USB","35","0000040000000000","URB_INTERRUPT in"
"1240","134.064302","1.8.1","host","USB","35","0000050000000000","URB_INTERRUPT in"
"1242","135.496330","1.8.1","host","USB","35","0000380000000000","URB_INTERRUPT in"
"1244","135.656425","1.8.1","host","USB","35","0000380000000000","URB_INTERRUPT in"
"1246","135.776318","1.8.1","host","USB","35","0000380000000000","URB_INTERRUPT in"
"1248","136.064325","1.8.1","host","USB","35","0000280000000000","URB_INTERRUPT in"
"1250","136.200331","1.8.1","host","USB","35","0000280000000000","URB_INTERRUPT in"
"1252","136.320458","1.8.1","host","USB","35","0000280000000000","URB_INTERRUPT in"
"1254","136.624330","1.8.1","host","USB","35","0000280000000000","URB_INTERRUPT in"
"1256","136.960336","1.8.1","host","USB","35","0000390000000000","URB_INTERRUPT in"
"1261","137.288365","1.8.1","host","USB","35","0000170000000000","URB_INTERRUPT in"
"1263","137.440317","1.8.1","host","USB","35","0000150000000000","URB_INTERRUPT in"
"1264","137.480339","1.8.1","host","USB","35","0000150400000000","URB_INTERRUPT in"
"1265","137.520417","1.8.1","host","USB","35","0000040000000000","URB_INTERRUPT in"
"1267","137.576319","1.8.1","host","USB","35","0000110000000000","URB_INTERRUPT in"
"1269","137.696431","1.8.1","host","USB","35","0000160000000000","URB_INTERRUPT in"
"1271","137.824343","1.8.1","host","USB","35","0000100000000000","URB_INTERRUPT in"
"1273","138.080353","1.8.1","host","USB","35","00000c0000000000","URB_INTERRUPT in"
"1275","138.168340","1.8.1","host","USB","35","0000160000000000","URB_INTERRUPT in"
"1277","138.288382","1.8.1","host","USB","35","0000160000000000","URB_INTERRUPT in"
"1279","138.384315","1.8.1","host","USB","35","00000c0000000000","URB_INTERRUPT in"
"1281","138.512319","1.8.1","host","USB","35","0000120000000000","URB_INTERRUPT in"
"1283","138.704343","1.8.1","host","USB","35","0000110000000000","URB_INTERRUPT in"
"1285","138.784291","1.8.1","host","USB","35","00002c0000000000","URB_INTERRUPT in"
"1286","138.864358","1.8.1","host","USB","35","0000080000000000","URB_INTERRUPT in"
"1288","138.968427","1.8.1","host","USB","35","0000110000000000","URB_INTERRUPT in"
"1290","139.072426","1.8.1","host","USB","35","0000070000000000","URB_INTERRUPT in"
"1291","139.112328","1.8.1","host","USB","35","0000080000000000","URB_INTERRUPT in"
"1292","139.184351","1.8.1","host","USB","35","0000080700000000","URB_INTERRUPT in"
"1293","139.216343","1.8.1","host","USB","35","0000070000000000","URB_INTERRUPT in"
"1295","139.464333","1.8.1","host","USB","35","0000390000000000","URB_INTERRUPT in"
"1300","139.568437","1.8.1","host","USB","35","0000370000000000","URB_INTERRUPT in"
